{
  "description": "项目配置文件",
  "packOptions": {
    "ignore": []
  },
  "setting": {
    "urlCheck": false,
    "es6": true,
    "enhance": false,
    "postcss": true,
    "preloadBackgroundData": false,
    "minified": true,
    "newFeature": true,
    "coverView": true,
    "nodeModules": false,
    "autoAudits": false,
    "showShadowRootInWxmlPanel": true,
    "scopeDataCheck": false,
    "uglifyFileName": false,
    "checkInvalidKey": true,
    "checkSiteMap": true,
    "uploadWithSourceMap": true,
    "compileHotReLoad": true,
    "useMultiFrameRuntime": true,
    "useApiHook": true,
    "useApiHostProcess": true,
    "babelSetting": {
      "ignore": [],
      "disablePlugins": [],
      "outputPath": ""
    },
    "useIsolateContext": false,
    "userConfirmedBundleSwitch": false,
    "packNpmManually": false,
    "packNpmRelationList": [],
    "minifyWXSS": true,
    "disableUseStrict": false,
    "minifyWXML": true,
    "showES6CompileOption": false,
    "useCompilerPlugins": false,
    "ignoreUploadUnusedFiles": true
  },
  "compileType": "miniprogram",
  "libVersion": "2.12.1",
  "appid": "wxdf811c104f2adfc8",
  "projectname": "Tongyan_MP",
  "cloudfunctionRoot": "cloudfunctions/",
  "cloudfunctionTemplateRoot": "cloudfunctionTemplate",
  "watchOptions": {
    "ignore": []
  },
  "debugOptions": {
    "hidedInDevtools": []
  },
  "scripts": {},
  "simulatorType": "wechat",
  "simulatorPluginLibVersion": {},
  "condition": {
    "plugin": {
      "list": []
    },
    "game": {
      "list": []
    },
    "gamePlugin": {
      "list": []
    },
    "miniprogram": {
      "list": [
        {
          "id": 0,
          "name": "活动广场",
          "pathName": "pages/act/acadHome/acadHome",
          "query": ""
        },
        {
          "id": 3,
          "name": "发起活动",
          "pathName": "pages/act/actApply/actApply",
          "query": ""
        },
        {
          "id": 2,
          "name": "活动搜索",
          "pathName": "pages/act/actSearch/actSearch",
          "query": ""
        },
        {
          "id": 3,
          "name": "我",
          "pathName": "pages/act/myIndex/myIndex",
          "query": ""
        },
        {
          "id": -1,
          "name": "发送反馈",
          "pathName": "pages/act/feedback/feedback",
          "query": ""
        },
        {
          "id": 5,
          "name": "界面修改",
          "pathName": "pages/act/scoreRule/scoreRule",
          "query": ""
        },
        {
          "id": -1,
          "name": "账号迁移",
          "pathName": "pages/uc/userMigrate/userMigrate",
          "query": ""
        },
        {
          "id": 7,
          "name": "积分兑换",
          "pathName": "pages/act/pointsExchange/pointsExchange",
          "query": "",
          "scene": null
        },
        {
          "id": 8,
          "name": "注册",
          "pathName": "pages/act/register/register",
          "query": "",
          "scene": null
        },
        {
          "id": -1,
          "name": "反馈",
          "pathName": "pages/act/feedback/feedback",
          "query": "",
          "scene": null
        },
        {
          "id": -1,
          "name": "积分商城管理",
          "pathName": "pages/uc/pointsExchangeAadmin/pointsExchangeAadmin",
          "query": "",
          "scene": null
        },
        {
          "id": -1,
          "name": "积分商城管理",
          "pathName": "pages/uc/pointsExchangeAadmin/pointsExchangeAadmin",
          "query": "",
          "scene": null
        },
        {
          "name": "pages/act/actDetail/actDetail",
          "pathName": "pages/act/actDetail/actDetail",
          "query": "",
          "scene": null
        },
        {
          "name": "pages/act/feedback/feedback",
          "pathName": "pages/act/feedback/feedback",
          "scene": null
        }
      ]
    }
  }
}