{
  "condition": {
    "miniprogram": {
      "list": [
        {
          "name": "活动广场",
          "pathName": "pages/act/acadHome/acadHome",
          "query": ""
        },
        {
          "name": "发起活动",
          "pathName": "pages/act/actApply/actApply",
          "query": ""
        },
        {
          "name": "活动搜索",
          "pathName": "pages/act/actSearch/actSearch",
          "query": ""
        },
        {
          "name": "我",
          "pathName": "pages/act/myIndex/myIndex",
          "query": ""
        },
        {
          "name": "发送反馈",
          "pathName": "pages/act/feedback/feedback",
          "query": ""
        },
        {
          "name": "界面修改",
          "pathName": "pages/act/scoreRule/scoreRule",
          "query": ""
        },
        {
          "name": "账号迁移",
          "pathName": "pages/uc/userMigrate/userMigrate",
          "query": ""
        },
        {
          "name": "积分兑换",
          "pathName": "pages/act/pointsExchange/pointsExchange",
          "query": "",
          "scene": null
        },
        {
          "name": "注册",
          "pathName": "pages/act/register/register",
          "query": "",
          "scene": null
        },
        {
          "name": "反馈",
          "pathName": "pages/act/feedback/feedback",
          "query": "",
          "scene": null
        },
        {
          "name": "积分商城管理",
          "pathName": "pages/uc/pointsExchangeAadmin/pointsExchangeAadmin",
          "query": "",
          "scene": null
        },
        {
          "name": "积分商城管理",
          "pathName": "pages/uc/pointsExchangeAadmin/pointsExchangeAadmin",
          "query": "",
          "scene": null
        },
        {
          "name": "pages/act/actDetail/actDetail",
          "pathName": "pages/act/actDetail/actDetail",
          "query": "",
          "scene": null
        },
        {
          "name": "pages/act/feedback/feedback",
          "pathName": "pages/act/feedback/feedback",
          "query": "",
          "scene": null
        },
        {
          "name": "",
          "pathName": "pages/act/actDetail/actDetail",
          "query": "actId=2014",
          "launchMode": "default",
          "scene": null
        }
      ]
    }
  },
  "projectname": "frontend-master-4.0.6",
  "setting": {
    "compileHotReLoad": true
  },
  "description": "项目私有配置文件。此文件中的内容将覆盖 project.config.json 中的相同字段。项目的改动优先同步到此文件中。详见文档：https://developers.weixin.qq.com/miniprogram/dev/devtools/projectconfig.html"
}