{
  "condition": {
    "plugin": {
      "list": []
    },
    "game": {
      "list": []
    },
    "gamePlugin": {
      "list": []
    },
    "miniprogram": {
      "list": [
        {
          "id": 0,
          "name": "活动广场",
          "pathName": "pages/act/acadHome/acadHome",
          "query": ""
        },
        {
          "id": 3,
          "name": "发起活动",
          "pathName": "pages/act/actApply/actApply",
          "query": ""
        },
        {
          "id": 2,
          "name": "活动搜索",
          "pathName": "pages/act/actSearch/actSearch",
          "query": ""
        },
        {
          "id": 3,
          "name": "我",
          "pathName": "pages/act/myIndex/myIndex",
          "query": ""
        },
        {
          "id": -1,
          "name": "发送反馈",
          "pathName": "pages/act/feedback/feedback",
          "query": ""
        },
        {
          "id": 5,
          "name": "界面修改",
          "pathName": "pages/act/scoreRule/scoreRule",
          "query": ""
        },
        {
          "id": -1,
          "name": "账号迁移",
          "pathName": "pages/uc/userMigrate/userMigrate",
          "query": ""
        },
        {
          "id": 7,
          "name": "积分兑换",
          "pathName": "pages/act/pointsExchange/pointsExchange",
          "query": "",
          "scene": null
        },
        {
          "id": 8,
          "name": "注册",
          "pathName": "pages/act/register/register",
          "query": "",
          "scene": null
        },
        {
          "id": -1,
          "name": "反馈",
          "pathName": "pages/act/feedback/feedback",
          "query": "",
          "scene": null
        },
        {
          "id": -1,
          "name": "积分商城管理",
          "pathName": "pages/uc/pointsExchangeAadmin/pointsExchangeAadmin",
          "query": "",
          "scene": null
        },
        {
          "id": -1,
          "name": "积分商城管理",
          "pathName": "pages/uc/pointsExchangeAadmin/pointsExchangeAadmin",
          "query": "",
          "scene": null
        },
        {
          "name": "pages/act/actDetail/actDetail",
          "pathName": "pages/act/actDetail/actDetail",
          "query": "",
          "scene": null
        },
        {
          "name": "pages/act/feedback/feedback",
          "pathName": "pages/act/feedback/feedback",
          "query": "",
          "scene": null
        },
        {
          "name": "",
          "pathName": "pages/act/actDetail/actDetail",
          "query": "actId=2014",
          "scene": null,
          "launchMode": "default"
        }
      ]
    }
  }
}